latitude,longitude,deviceId
50,18.3,000cc3cb7f030c3d0c481bd0e7cf42ee283012c3cb5bfc93ae46eecc5798f0fe
53.5,21.1,005767201ec5d7c3336b3b4d1ffa8a72e7ca1ecdaac30fe5a99d7a76b53f9fc9
52.9,18.1,01668c64ccc16c506a7c1a5c032e2eb5e2de48ecb284f2e1f6ac48b9de8ad5dd
52.5,17.7,01bf745bf2df0312bd5ff2234c0e9dedc39ad0bac9bcfcc89f1f92902934f571
50.7,16.7,02e4ad5d8d0016d35a003ea6df7e10fe27093aba81c64a4ac50c762a15bb1449
52.3,21.2,038e22575abaab48161b77e91fc9f635bceb292bfa3e43ecf1eeabce9e48c7d7
52.2,21.1,04709b6cb733ccadc6db546d80a63ba064e13f0817781bad0d37c59d83cae480
51.8,17.4,0598231b0a5f5adf5f851bd2b77bc6203802dc009e1dff416fa3fe0001112f92
53.2,17.2,05defed45c441db90efd2f2b6236c6aefed530c01edd985f1974de7d9cb7c9cb
50.6,23.9,06b3fada57ea8ba46e0df50a4f9fddbd6d08ae17b9f833d0cdb7b6ecf625a3b7
53.5,21.1,06faeae7b722179f1063a5fb71c13525c119948b4fd00dc85cd3bd3cdf63c3c6
51.6,17,072315fe40a4b83ac5693af583ec4735f2f192a7ec5addcf647b133a34b83e8c
52,23.1,0763fb405523c26bb33f06a9ba5c1439f8029bee0c81135f362c8e0371e037e7
52.6,16.7,07d16d2a3bc4b13439e957b3c44755149177e159aabcc524eec112f7d7ab57cc
52.4,16.8,07f52c577626daee77665500a709f6cac0dfcd6ad395a9081670d281d00b5e9d
52.7,17.9,0885a9a12cc676f39135d3d8ca80b2ddfbc6b662d6ae44f16bebd0a7b90a087c
54.4,18.6,098344689a0dc9c51d460f142c9e480746dedd3806ca874fae480d27064050d6
52.5,17,0a945614f4eeacaca5e3c3a00eefabf932024f140b60b17f2c06e35a34a51130
54.2,18.2,0aabc0b2d6128734daa5f06e17aa787b13e484c10d613dd8501cc30b5c34903c
53.1,20.4,0ada54a258cb3354d54252c76b14a6eaa7f7f76b4edd720d017e45c143f41dcf
50.1,18.5,0c15b2a8d63edb726b95e6fe2121e7ceddb327ed41dd72a7d1460d3b7c31ba8c
52.4,16.8,0c27d0c347716bded0cb740f3598bb2665317046bb3fe08106f36273f00e091b
51.8,19.3,0c5b3a6a5f2eeb053d37ea02b1ac102e4d910a2e0278db7b0d191e86b4075c31
52.1,20.9,0c9170249a105041d8796f0755653d5bc78f98e10a27fe4e89078aa04dbdacf2
50.1,20.2,0ce1c71b58b94d46cb4a93a10a11107d5a9a0bd2ca42e2868c70b7c37562429a
49.9,18.5,0d2b3ada515d6f4d5d38a4bf607d2ea79b075d95203d90b99950570831757560
49.9,19.4,0dda423dd55c0ff884f41d386d60ee9bfe029feb02d436ee3e7edcac759227b7
53.1,14.4,0e3f26c7c5c051b0cd5ea8db0916d24b69415ec5a657bed6e1d1c1725e8777cc
52.3,21.1,0e7218204aef3c93ecd8269d5227e54fb7b1ccc42943ace5df76a427a1fbe4fe
51.5,19.9,0e9cfa33f51cd2c8be835ead10d8e8b74267672d9c134c86e154c470f2851611
53.5,14.5,0f4e07f004cb53e0a09f97bdb3505f87ce01bddca9f9725d62bac30f8fc51095
53.3,20.8,0f642d3ef94b53e0da9c8f88594173e327c47711b04a903124575e0393f569c1
49.5,22.2,102b41529d89930b1efdc352095d7b0f50464a197c250dc667d3ae631ffee802
53,15.2,103c88a3e1be420059e43bd34da4fb30890b796a0de2e7d06916da035a6bd335
50,20.3,10482655ebdcde8848ee29b151f6c17ea3ff7711da7b5c9ee51e44e84b27fd5f
53.4,18.9,11f6fbc0b2f72ccd7f371629d1b9f78f1d10f2ab5cdb1980d6cd3ec38124de8b
54.2,17.3,12018d8a1808381c6d1c08b5c853ceb374260c9ca6ccfb4e586c5bf9d57170d7
55.1,15.3,12e748d3536a3e4284a85495f16006975eac0d02fc78c8b9c0ffd3795d48d62e
52.7,16.5,133442486089c95a545fe095fbfbebd659f1d4882e90f3b4281a32acb4313502
53.5,14.6,13c2e18398ed70f1f04a3d54ef251093784211619d8f56d4aeeafa428c8c6c37
53.2,18.1,14576f8f6451a81dadf5ebd03fd76cefc3622757cc32310d5775812d5eb2bfea
50.9,21.3,14bc5f67e6438932bf6acd89f0531529eb9a1f9aa090048175762f25128af963
53.4,18.5,1567d24062afaa9c12e8a33780baf3506210c4632eff2f34afe645b50f41cd8f
53.7,15.5,15f8cea0f8f5a0000591564658ef762d6b623105d0b716d8fac3a1ada679fc0d
52.2,20.7,165d0ccedc583e2f61aab2e0c7f2cbdddf987769cb9d744ec53b39fe722c6555
54.2,20,16654eae2d44b2e4d12caa7a530ed6aaa9beebc0998b1e32cc07a3123f4f6a9a
49.4,22.6,16c474e4e178269258a79e12c41174380457d05fa1dbe06756621cd4d8d56955
52.5,17,1703c37039d3bcbd02ed0afcdbaed1fb049e60758c3079f57498b7fc3abfef53
52.3,21.2,17850655b0581bd2624172a36cf7dea0c58924d84f44a03cb1f2b593743947c7
52.8,18.8,17ca3943eb703954ecd459dde27cadf1b9a091c95f2fad38ebc2c6ca44f84dd6
53.7,14.9,17d3019303758e85944ab8dab4647197ba66c2dd377ff4e8e9bcaaa4ddf863be
51,17.9,185f05182b13c28cbd41f1ddb0699d0b084ca32b877ad45ad4646759a6e91ca1
53.1,18.8,18add0f86c38f3c293a0e54676ab9b6310420ee0375a5c25f8447b440edc14d9
51.3,21.2,18fc2668662f38f6de78663698b4c6ce54b4af559b519fdecfbec42b61dd0ec6
53.2,18.3,18ff959e735b2ee6d06d6be523d669294ad47b31dffd98389067ff1077b7788e
50.4,19.1,198f7bb9ff2ca4470858cce4f8ba47cbf727c9d4d9220ffd1e692d0d346ada2b
50.8,20.4,1a12333e3e72289eb9eb8e9372a84f0f3743190de373f4f386244c988a9c9245
54.2,16.4,1a95ba3dd8f58ad30387dfa1a04ba5227701a294f08c7e555da9e13bec93c683
51.4,19.7,1ac45a6db45883a73aa94405bccc12ff28f4ee81642df89795c1e9d96b8a2c15
52.2,17.5,1b0bdbd3d6b5d6718db963ce8a985d31567b24db9b390e6a0c1dd6a18d8b852e
52.3,15.3,1bab6344197a4f94a48a3880a733607751d155667d4b28b0c5535a43050144c9
50.8,20,1c2daed41137082791639e9b3e5a9b4ebed993363a8c6883669118de397830f1
50.7,18.9,1d30563b84b1944f5844c74964a5bdc4af99e8e15115f97ac3c7ec136c65b998
53.5,15.8,1d604cefd1c2467e1fb1382248e2e4e564cca4c2ea5eb1470727fb7aa80f22ac
49.7,18.8,1dfcee1ecd30aa0c3d3693b3b9b24a15e5280aa538d1a07992922dce71873dc6
52.3,21,1e119fa0bf78a5fa4b045f53c4a445217f29dc17cc1a7615cac5e932f9ca7ab2
51.9,17.5,1e88b35a6b5de3e7c7a8b5a6e6f1b99b3f148c641689e86d03bc251b47caff6a
53.6,22.5,1f28d4344a37b03c1a4cd94b7854d90f8a203cf444b9e314581029d854acef44
50.7,20.4,1fb177ca9ac51164d927b31a8e3c6dc9709d7d860f323ac15bf4d3c5743e6a16
53.4,18.2,1fb21182f9b0eabeeb1135494cea38feff3168c55cf6bc2b13f8bec1a53990c7
51.5,19.9,204b1d05f9aaf0b6f2f942829362033a80a2f888b45327224211b38e688a7490
51.2,22.5,205b5419584613fbd563122b584157c97778bee6421a23bcbd498361cf710cd5
52.8,18.4,206548e7726c160851c278f88d925940a27fc5371b793a5c3bb40bc8510d7563
49.9,20.2,208a80472324952234163a51d880179e717cd11858258c7a0c3f0dac02f90813
50,20.2,20cb03ed08c2c273297f285a46736fe34099f7f574770bc41cf864229629f196
49.9,18.6,212d47a69a99aef80089b45b095e9e069b306307e3fcdd305226190326872503
51,17.4,21924093004faedfa6b705eb9bbbe3aae5b847cebd496afbd0556b566fefc492
50.1,21.7,21fea7d6a7180eb1c89d5a8dd6916ab1e04c8b8e5ef8411e6abb2eb44d8c010f
49.9,19.8,22fddca25da25662c314f24182ba3eda9b168b2a9e20634cb6964a8f0aaf3d8d
51.5,22.1,22fe4c7ed6b24b49afc5e8a1bc0c9ed5bb81fb546421d428798128d8fcf40cbe
51.7,15.6,2307fcd4c6efe48f1cb0fb1c479d5bb1c5dd030c24e1ba617377f375ed66ec81
51.6,17.9,236912683d7434f867b414417bdf2d8ebea293f139bb38b1af1215901f900e99
52.6,21.1,24400872cdc267a4643531322106f2b0b62cd69fdca362c3abe7bea28924e513
50.5,18.8,24d73cde386f0ffaa646a301bae62a36b623fbad7867789ca1e78f98ba505cde
54,20.8,25ed3d2359d3509aba1c90d746c800802f5dbd101683b4afba1b568711dbf61b
53.2,16.6,25f8c604dad29e6676c854482f1f13362f005cd33b1c4e63198b1f5b9f4bbb08
51.1,15,2783c80382125f5fa4b8f085257d7c59ec7e5971a893809d6834627d183e7564
53.8,16.2,2834c60ea574db1f5ace19f5f04990969b6f29845768f009fdc3728885f8ad28
54.1,16.1,28cc876c18f6306471872b765b81db4828a734e6aca73c08a56d5b94acb51e41
52.4,16.7,29111e59f9768cec2feb6f19c2ccb7c3aa53a87a86090443dd595a20e79f96b0
49.5,19.2,291e5f9499091e82c2fccd7636e6ba1b30943b0fa63206ba932c9674e5b2191a
50,22,2a7cc7b36f3fd5304aee465509ec185589668957335a207587e6ce7823b810c9
51.7,21.5,2acc99c56dfd119de625d097f267d065386b788924e5c1c4a30dd7e4bd1df32c
52.8,16,2af49612cb24e82dea25d86b0542a8c4f65f872df0e4df2f286ce14412ba51da
50.7,16.6,2b0bae6c5a97eae766948b56124f177e4c69fb693dd3e6b0ebdd97b316cd5b8e
51.9,20.5,2b6cc01a05292397d20f7a64b2b399197d04057091b776522c198f7dd2bd60a3
51.5,17.1,2cef14b2ef876bbe6a7f96f546c29f9c58486e84d46b78628533cecd23bc9e2a
50.5,18.1,2d92349ca7b2cee4ce10ef699d0b9d4b5472a88ad79eee5901517adbe84ac4bf
52.1,20.8,2db6ffabfe05bc31e652f9aca8fc07fdf7dc1ee8378fbed1f38acda617d0124b
55.1,15.4,2deddf91e23ce0eb30b5a5bd79bcd402ea2f5c1f1f561ac0b02a8db0e0445a20
50.1,18.5,2e57824ff509c2947ee779e7a148aa1648d210faca36ad9c3480fa29b3662aeb
50.4,18.8,2e5899725451ac295cef925b80989f27e3bbc8629c99eefbd75a179469e45d08
51.2,16.8,2f225c810bccba58ea71a9a4f61c0d7d274596f37ff2621a7d721b75ad9d0ad2
52.4,20.9,2f4653bb7d5e259e0beac6345d1f86ccfbad729347fd7587a87345ecc469af26
54,15.8,2f679e2e349815a33168e22db3a5ef7ad4a7d31799a9ba2297b409a9d6645f0f
52.5,18.3,2ff0e3b07bcf42e03f9e105342628a6ae9b9ab9f27ef4c4ed1e4b2736bbc07eb
52.9,15.4,303139e8eac0761e54dfe312a46f8f9f437179662ec636c6343ec14efa9475e5
50.8,17.4,3131a9acf44291fa477e8871c254a7726e7d1236e6d98a37340f6212f7e3bab6
50,18.6,319a4da0c0eec04feecb2dcba71bf7ca044677a06ab46f60f859c6255152b175
54.1,19.1,3287fd72caa9d4c030242e2ce8025bf922aa5e84acb01ec0b1c8d0642159cda4
52.5,16.8,32ce77f250bae7a0f8dbe78f95730f9ae7efa2aabd7882402e2158bd08fbf70c
50.2,18.9,32f3aa73fd1c75615c31e4b9aa8d05433c3de42c42f85288cb676c550111432c
50.3,19,338bae248897479ebd7357a87696415492a3126f36189cf86bd6bb80df1b1f3d
50.4,16.6,338c7a6ce833d3218fc8104d5d103aae715c5ba616e84385bf38053491bba555
55.1,15.5,34506b15f2ca9972858a05daf5590a773fd316dd08de047b117e607cb233edaa
55.1,15.5,348f25ee74e33787399e1bbd74b3a8911d20efd1bc2029ac1a37c4908f5e7b0e
50.6,18.8,34a0d35cae2857af0f77cae41962c9db7633121f28ade7987a6cc36c750bb413
52.7,15,34e6bf95ee25411045391c633fbeca9bc16266a6fb581c9129c1f541ddff9e4b
51.8,20,34f28ac8caafa19c5eec8faf455fb85fedcda7d74384c953dec5baa99a28b57d
55.1,21.7,354c0ce9ecdbb10d27db86b239e50f448cb9669b19050cdef7f506d8defb3459
52.9,15.8,3575eed39a80848ee2587bebb0845364db00e97d0cacc180c01b17c8c5b6bee8
53.9,20.1,358bcff063e97065c7a01e811bad97b69442dd982b6ef8f973a34e4a50ba8812
51.8,17.8,359d295b8157bba6e09eaab8ff68737d107ad6130e024665f84f09e185d34222
53.5,18.5,35e4e6e3dad687948b473d5752866561801d6006701519a0b2e26fdd37af6298
50.9,19.1,3614998a112ef27de23e4e54b4afa56a377712e95abee30e7ff94e0646c49d14
53.4,18.6,36bac08315f0d89e69ff8732ca8f37f4341d54ca94bc569daea80490ce9bc2ff
51,17.4,37499ac7c21e70871c56a65695c53f7f9a83ffa9f61140a77bbc7de8d53e4b7b
52,15,376e93ee848fd174b21e1598a436eaf5181f320015debb65779d397fbb9ba199
52.1,20.1,37a3b79e39c2a5d921c00b1eabaf1e0f8117fe0548b105f4764580b04ef38f2a
49.9,19.5,37e51db6b1d3d8bdb8e6c7688509e2d0ca683dc2b4fd2cb2149d0f5395a1d1d7
52.4,16.7,387ed82fb8a86970192a0a1de86fbf3bb6daccf0fe74c9c9565d325d2a21887b
52.5,16.4,390086226c2fa53164c5eb905aca34719d5171ca44ce1c76e6501708ace1f402
53,18,390d8bca8ff15aa7b8739e96d0bbd174d240ffb4c3ca254e1f2e93839dbf0705
52.9,15.8,3984783c0469008842604048d4a09bd672b372563c421950c1afc63100b00af1
53.8,17.4,39b7c55a2447ee58847fdf1fbc214fe19ff6554b466a4248b17836a04398bc57
50.1,21,39f66f2f9807fb085eea698935dd568d0ef41ecbaeffe234a2f9544bcc705653
53.5,19.7,3a7f8db3395fbfc8ff18dd7a569c25fba5cb6b6b8027b0a40197a8bdc2a89112
51,17.3,3b4a3a48242c58022ffcedf96c284b20cf360dcff974b14716a36a4e5115389e
50,19.6,3b91bd7cb605703d3e1bc2b7327a0f02941d1bcc73d8b074aa26c117a1e04d11
52.5,16.8,3b9c69e51bb2908a9c9b922475a4d8c1f9c98571909fe67cb49dceab0aa9893f
51.7,18.4,3c62cc5f1379633332d484687800908f08158e54a20ff8b833a42452c0ff8017
53.8,20.6,3da91accf817df33c1a023b666792fb425b56e618f0cd6a1ed513257f17f1303
51.9,19,3e48ef633fbf96aa9e940caaf72705b2433a030ad070592ec22a440e8d3deb1a
51.2,18.8,3e730a396a0a8a4793d084c553f85abd88e155dc87f6efa446581f07dbc739d5
54,15.6,3ee8c7afb655816646ef0c29c14a66d18ce8b22ae67a53d099bed895f4cec758
53,18.6,3ef46eb74164137a17b29db6388168faf6dcda4baf9d0524efecbfd8db0d5517
55.1,15.3,3f9633e720d2fdfcf21484040253527613ad178c22890973f11e1fc63ec2da24
52.1,18,3fe9b43d3c2ca4dca68a63316d8b786a814646bdd3938fb7435ccc9152facc56
52.1,21.3,3ff350a18ed265ac520cb332d5a57705ed906254540e7a2e2b89bf5ae0db5194
53.9,20.7,41263e6b4d2d77ff2afaeab5f1eaae1a6556bd56d083c6adbcb97f6e5d259208
51.2,19,4186e304b2c4ae0e5752520f7b33626441b3fd8e1495a52f07c235143cbb8c18
53.7,18.6,41ee9e6aa5b78b35b6a2cbf8bc962d02125d43ac63ce3c41f929fa3884680aa1
54.1,19.1,425b5ff504d8283ba697eccac3ce392eb1ceb74584ff153787d152a20355123e
50.6,17.6,42b6d6e9cfb211fe155f1d3d938b707bb7524462ba407716e62fe7a0f5fc5eb6
50.1,18.4,436ff8e761381556134b93e03d687ead23b920a9a06875fedbc58ad44938c7bc
53,18.1,44704dd20023628fdf92c9262437e1baa1fa7aa301c9d4c1c573dc0545b5ed47
51.1,17,44e71bf11fdaaee10d16cdce41c7fc206dc5e9a6e668fa894e2c0b690ec117ef
49.9,20.5,44f25830b97ac76fb65e0f243d37398a50929a89265c981d24c394301a376457
50.1,18.7,45201bdadf9f1726bf9ad3bb4950620d2cbdc34cc431128c4c73113bbb4c2ad5
51.3,15.4,4545a55de1e7d46fbfdbd79201cb8f87d94b7852232c6313f3a6a280dad7e260
52.2,17.9,454b7fa1d685c14098b72d3a9772499258ea9e3f78147229fa3873fd052d9514
55.1,16.1,4594caeb1648fb9612ead8e023290c0b3b53d80911bdaf2ed2d8ee3056abb919
50.5,18,467f0552c3cff389f15c8ab2f458db768f93d6a799f31121f04ad48e2ade598f
51.8,20.1,46b2fdc61c53bb21fbc92e47ec56d95ee8bb1e6ad6374ec2a1d7ae23851ed5f4
53.8,21.5,46ef8778e229b5a977dfa1a24b1707c9a917a42c88863febdaa3c276d35161cf
54.6,18.5,476b3192a806e8592bb26ad6832de8d4a9660fdec646aeaed67c221e7bf7d785
54.5,18.5,4813366536f7a4dc92db8199af0527edc48224551bf36ca75715547fa8c44087
52.4,15.5,48730f85b98bcc69d80200e6850a085d3982e6b4e6b986bd2b7505457df9ea5d
52.1,20.8,489e46b7423ee5b55b6065baa533fb15f09b6a840d5c0fad7b2321ea4b91c044
50.3,18.8,49a012ede59eeb918505ebd1446df33fc6995cfe22d2dcd9c738d2028e69df74
52,15.1,49ca5c0bc2fd2ae92716ef7c7f9a503d175cce10935d3e402273cf555f9395e3
53.1,19,4a2486f092d8b6332a49237a39e6375113e0853e45e09a53bcaa2d92545d11d8
52.2,21.3,4a53848a816b86c97ed0e5ab3bacbc838b31a0bb7b5eda25216367a0cdb5e5e6
52.2,20.8,4a7a4d6667f74a35be53d549c707d5cb234171e87a5a7d739b1d83cfc9dd8101
51.6,15.5,4ab7fc96ae2057834d60316464ddd37939a7891b12eb5612187a52ba4f1b2891
52.3,15.7,4ba3ceb00aaef7482726672f3395ba9b59cd4932e821c1600b239ae16c06faee
52.7,15,4c3060494e9e119ed3ada598dfc992dc04454cabf4877e618cb774f9fcbd089e
49.6,21.7,4ca8dee072a5e5b75b514073d514272a8d907f8d9eb507c4bc5755198b4d0e9a
53.6,20.3,4cc35df334b04ebde7a2eda3b209e062b4328b191d7150ca68e9a16aea677796
53.5,19,4cc57d274d9cb3adb0cfe4cacdd36792b1da182f218a8e3895aa28877a717fea
50.7,16.6,4d4ef227e9d6176b9e37e74794d76d206164b7123dcbd8ae37ca2f89ebbce49c
51.4,19.3,4dba8a848d516ffed0b9db5b7c649db5991a8a2ea7a691982abbc624978a3f49
52.1,15.8,4e682b6948823199e29cbc6324ed3a54a6d2734440d698123530a0d91df992d4
55.1,17.1,4f0a4f1ae4eb28fef935354891265c2c92815420169f4f7b85ec1b7685f46665
52.2,20.5,4f25ac5dd8c64401ae4d0eab78a88aab3f5dfdc86fe2802bbf56f1692d27e056
51.3,16.2,4f83c82309523058b6962b22fa9c6f380a741a512ac7faac8ed6c0473ee28f1d
51,18.8,4f8b7573bd4d18f5a769d47d5502594af03424e17da078905fb78f94dabe49a3
51,16.9,505cec8055870ba248936866035f31c885549575133ff2e57db40e13573cc510
54.4,17.9,50cabd611d5fb597fda9ba8744f20c95890e92febfb88bacd77518f28b76dbaf
53.2,16.6,517d9cc76601f48794af477b42c6faf6d1bc1ffbc3e0a95c365525e24fff7102
54.1,18.1,523dab51adeebba76556261f0810d6d75ed31f3df58fba1a2e4f696de54396ac
51.1,17.2,5320f3b81b6e9ed63ef121e7cc60331945abaf8db9551d49321a3dec30f6c9bf
50.7,16.6,533f97005c0cfa15c5dfa3f79154e5dff9a6b89ebeaf7dae85abf51b38eb0753
49.6,20.4,53721a4d86e523d8f97d0f4c895bbbc5dc673145fc8105b70d6fe4f71d6fb543
52.4,16.7,54390e6a5d05207123f733426abf4016e8b908d6cb692d80faf87426b8bb1bc6
50,20.2,5470f4e2eb4941a970035e6c883967845e6e85acfb7db272abe6c702aecdf002
51.3,16.9,5545ab6fcf21d2a3b3a338eb0ab52ec090f35c4a766ef55fa0a4c8607fe6bb6c
51.6,15.2,55630d4249cb25530ec503d923aa0dec68fb91f0ce6cde50423eefd1eb852c9a
51.2,19.5,55800e8dff57a438a5048017412519dc461aa797eb7de4f2a096ac0a2fb91dbd
52.1,17.7,56b42ee217ab8ea2210a6e214cb13ca97d0a387c6f0d4acb79c1397ade9f3860
51.2,17.6,56bd92b09a813495134ac6d10f5e782789cfefee0b2fc53c385efeee199eec99
51.2,18,57759d9cd850c1c1a07c24f46c3cf47f6469420986bb049cca476d2316ca5cc6
54,14.6,57830d21168320b1159d9fa5ddea9c32ed78fb8bbd3361a37461c7af875ab9fd
54.4,20.1,57ad7d4729eac1e5d053e22153f65597eb940dc6c45a6e473bc3d84b1ae20d6c
51.8,15.7,57e1f592de6d1c5ff494d51ce570ac76c198b9e5bfd2794006a37cfd39b7d3a5
52.2,20.8,588f57b50001201d45ddccc8c41e273f65c4fb3a5e6500d0d5b896aa695621b3
53.3,18.6,59050c52b7e28aba19f7a4ca026db3e53aef86f84df0486b2cbadea29ce72492
52,20.7,59e21223b9464c29968868cca28e4c34fabfc8521b0a77672e127a8ea6fe63fa
52.1,16.8,59fd23aa206ea7d99c5d9cab9bc125e1713c88c5fc51e5f196118728f4a9c5df
50.3,21.8,5a07ce9c5fcc80da55b4c1cead1167688d043c0c21e996abfbcc3e6ed32c06c0
51.9,14.8,5aa7c9db489efe318f3f6f41a484f366b5fd8a13c4bf0eb7d33a6307b9535646
50.2,18.6,5b03b2f6c400846d942696bc54df19745c10fc5ee044f1654b16317b5bfa06be
50,18.6,5b3858ba768144be08debf49316052877f2af36e7eada6946ef9022e28a2fd1a
51.4,21.3,5b41533f785e07c78fe2cd6544a42022eafcd74d941d75086d31739e159026d4
52,21.1,5b7a81d5dfc407034deb1aa280feebeaab899969e4b565d765e5f8036974aa5a
53.7,19,5bfdd623bfd03a2c1b7ac18dd3e8e7493f2b33b30278675c3a9facb5a760772a
52.1,18.4,5cf0d095281a25413ac106fe116c1e57f23e24cc370014fc11825831e6947428
51.5,19.7,5ecc19fefa39630b967d96cb9290f5a667cd21bf49f4c9e454c7f6190fdf9dce
53.5,20.6,5f9825a2690b37cce56f4a82d25a4030786fe903f495f5100d943c2b8cc6a1d9
51.8,14.8,5fc8fe40f253c5522657a9fd70bb37c6a7ff4643c59cd64018ed5d576cf1be63
51.7,18.6,60bcd9b88089f8b9ac9dbf85fe94fd5c3225b55bdb214f46e8a40d08e096d51f
49.8,19.3,60c5b163f2f9c8555febf4fda3ecf8dffa45120e1cfbcd05dd25721bc262a995
53.1,18.5,60e7edb5d6edb57d84945a6e346c6f4e0f7917f57a13fb9ac38b70434199f822
52.6,21.8,615bf3d6f36d251cb9e14425615f8e2e365542fe9dc9ecd5dd2e98fa5a5d35e5
51.7,18.2,61898ee235e5962a9291a7a1b991269e79d37401af402bcc21c0ba708e5ef86a
52.8,16.7,61e4cc7d07e2597a412b5a4d76b6abf624b45d0658ebaa8554f9f10e83fae126
53.6,20,61eb8b7e6725b2ecd5b694c37e61194886c4258db398459aed173d9e4083ca02
51.9,20.9,620db3de55dd5ad5a4c84aa60649c93b1ce72290172e7e8af9e22116544bfbaf
53,18.1,6307f0a62336512f6d63464c85eb14bac28566846dfcde80440c49734b4fc7bf
51.5,20.2,63084611d343a86e43ca476a23410f4f82cd22651f479a700f525766235558df
49.5,21.8,633d3575fa7767edfb0a71626b48acb0761ccb8c8639e6231554cdd95745d85d
49.9,19.4,633ea077a4f502548f8fc9ec02da5360d6f4647862878e539130f2e2d7444164
51.9,15.5,63dd53d33b345b620673bf853e517ddc2c91235e8e15c0ccec551d34b8ecc210
50.7,18.7,63f34050039b27e299e62b4eacfc6482e44bc6a130446efec848a548d21aedf3
52.5,21.5,63fda78c4fbd335f7c85c0dab6926090b02ccdc24eeb5fef6d7c2330d449f8d3
52.9,16.8,6401974d764381f21fee84cbab820123e2fbb908730abc77e591ae326f046e58
49.9,19.9,653ffec4ec62bb9e892b954580d5a75f50cdc2a7bc1bc109f616ccc4a16d136c
51.1,16.9,6569ec289bfff6260f75287e8507b1b8a23bb3b4e996c079b2ee399c08144033
50.4,18.8,669ad444bf902b0518da32fe225456e46a89593fcb35621838d7c1508dbdc491
54.4,18.4,66e4d6f3af1f9c8f3f2ed5f1143c4358bb53ca3df4f64189dec51276ff03712a
50.2,21.5,6730c0d7b2f79408d56eedefa827ded1388ed88efc60562e50ba2193cd890b5d
50.6,16.5,6780433405283f4759d260e09daa877085ad32cdedfe860a8a2248529267b67b
53.6,20.3,6887e4e49a02c50159170e203487f2c9fcef838ccbd6b1a7d33d52b4301a60f5
52.8,18.4,68f47e7f7e22a510cce68978eaa4c4234dd9a420465b7beeb1587ef04a7723b2
49.7,18.8,696f6f188b1c6491b90746200a08ed319ee13e0253df72e0190948f493f3a78f
52.3,20.8,69820f08bacb31021869ea9c31c22f8f98de5e767e98837861978c89cd4c1a92
50.9,17.6,698eb5a34e46d7f48992e83ec6d320b1cfbe8bc915d8ce633eadf82e19b14a2e
55.1,14.8,69c05e7476797b80bfeab38bc04f236394c64f2bf5040e18055d5388fe5bc848
52.2,20.8,69d14ebd254eb604199310ab58f11e27c82144bb6d67f2fc26630ab3b6b971f8
52,18.5,69e0fc024e792126e0dbf9e0daef25a3c0ec8fe2bf933675f39045e5b5431fb1
52,18.5,69f8cef692bb7826f36be0150d6f9e7e62619fbc3b3f3b829d0665b7b083bd17
51.7,14.9,6a5fc8fee54d17b65fb2592cb25248a06fe15486c85737c8ce7634622df88744
53.1,18.5,6a630abe7015118cb015b444dec0edc6405c595a5660fc0a51a18ee6d202937a
50.1,18.7,6a6e86387c8a642bc619f7227f760010ede1266fa4d721a6b872a0104fe31630
53.1,17.4,6afe380c6f7c55daf6d36269c987e1634e13920efead12f642e609eff4ff3d33
52.5,17,6b1e4898c2e5c156efca8bc21afadd3d3af3ea5bad72e4b1c2da70bf0a9959f7
52.3,15.7,6b689913c5234101564398be4d41bd18fc5f4bd3ceccfd64b34bfd966384d8bd
55.1,15.4,6c2918253e6eb0fd6297a3b3ddc6928ba7b308a26e98114755a59af7ed75ad12
53.9,14.6,6c6ee3bc1a5e0fa54a5e47686db0c97758ecad7da150f75888b4b8ab7113ae2d
53.3,18.8,6e15d4b316aa7e4348fe16853a5f0e1e4b24fd1594b26618669a2e6920c74e71
52.2,17.5,6e78aeef54d8b0985defdc754c6405863d767ca8995f5c09cf1d40846323ec34
55.1,14.8,6ef609f0a0697323e251bebd617c8db832f19418ff215ce8f9a4ce9823a2b0eb
52.7,21.8,6f318e7f114646acb0f736ee2da72f0cef5cc74801eed18bb041692b9a5c468e
53.9,15.2,6f3e46a47c3f459d1b3faa837f3eab34ce4332cd19fda99d0cc0a48f84e65dbf
52.2,17.4,6fa817294f5b18334e9e73c5452cf2a6cbc144215fcd05dd284650588a3e21e2
51.9,18.4,6fb2cfe238cb14c3c30b8f4b1935e46a9dd6085361712eb76e0e7a5695b7d12e
50.9,20.5,70469e7c314d85ff3c18d1185610ee825859863576a244093dded63efa5202df
53.8,17.4,70dcbe6d52d4efb68e6bc3477634c7a0712ce37a92f287791e5540fcde97700d
52.2,21.1,70ed61338cfd87ed0f6c261febffb4b0f87f45d4928a63a08caa1ec5744587c5
54,15.6,70f65d2ba52879b28289e8af67b8c5d15f9e75d95d96d492f7d09b4af67c40fb
54.2,22.2,710e2dde55e73655d78c59da8baf74111571f361fef2cb8971d4ab4b8ed7385d
50.9,15.9,71263d72e305efb1233636376f875eff5329861430eaa3412da846040cd3110a
53.5,18.1,7160aa2f29f80e2da9373427f4108fadc007f46d3097c4ec2ff5417d383747f1
51.1,17.7,71b156919b185254d3948e61264937954b65e556e35cb7c14f0cd61ca254aa0d
50.2,18.9,71c29af71f9e87db5395b943b6a0c6be1ac6adc1380a2d751248515b5e45e725
55.1,15.3,71e933de062f206b3c75ab7e2f85d8cbcad40c0e2be9c9f6f041d73f0e8349e1
53.8,16.2,72405c0889bc08c89d6d69113c6f63e65732cad88b75a6977cd2f6082ee33985
54.5,18.4,73144ae467ce94f9c8520c90777099ffc84121445df3c5e80e3bc5a503faf4cb
50,18.9,74c4c9731fb6623ddfd21d43eae848b41a7a2726f0eaf8c8ca77a6760b53f7e0
52.8,15.3,74c808200b3dca1c5a41ab4253d38db83a58ad8919b2af77c1067286eb46c05a
54,15.3,74e55ff2c60ee88175a5f91249c06e4c427b01c4f98d882bca16de659d884db9
53.2,18.7,74e98c12be3c126527211e699149b6dcde1262a402bfede71c6de4fdf82821df
52.5,21.4,7527d67e80c036d9aa28cd5d772268ed4334ccfd41641b489a8e6f84b80fda9c
51.2,16.2,75b0cf86a6aa154310ce9d05bc92be21e08d2a000bffa3c428398017a462a9c4
53.4,18.5,76326c158c33a93160207835b621299a9ad72efb7c97fddd42912b13c8e634a1
54.3,18.4,76727470e47156895ef493f602b1ad673cba245e483a74edaba1455f61acad7d
51.6,15.5,77132faa98c1a4b2bd1cc58d88cfc4a3204d2669a26c0fd547d7135a633273ef
54.3,18.8,77463e0dcdf0b3652f57698ef8200ec1d0f3749b526d8d846f09b53cac08bbd3
51.1,19.2,778843daebfb8b05af553da99db7801fac6e67639e2de5f268278334082deb69
50.8,18.5,783742b60984c6acfc4e39a54232b05ae629d44cca7aeea1cb68d1d3303a5a1d
53.1,18.3,7926fe030fb4a9c8772d2b9627671d76c51bfc6037a643fab829d720c54bc4cf
51.7,17.7,798754d7dfb241c31f5e6b0e6ccd08ce0239f6f642db5cf13dd21242cedbaae6
52.3,16.9,799352e4a8d866c56181661e2bc421fb2b0488a1f2ad851bd8c5cd63e4577b96
52.1,17.2,7a28f140111e10487016375f2680453048e722e6801ee8f7b67bc1853272cc40
50.4,18.8,7a8e8d84b96b97dbe98b4b98be67614cee0619f74d00f80aa5590481be1cc73f
50.4,22.1,7ab3ecb4748facf74ff376eba5a42870e796da85593e79b733a6bda8fe1c222c
54.5,18.4,7b7114f4a20dccaa21ff15b69110d7b3910b5246e14491420402079ef91a28b1
50.2,18.6,7c4e789fc31408835cddd6a194bc4ff2e1e02bad1b356b0c32b42ac8f5629c26
51.6,15.4,7c7d3d311a4ad9a7d9b2484f3814b18a9ce7b24891abe0c3e1b44f3549e04a3d
50.2,18.9,7d333bba6e72fe40b6c2f160b1ff9077f95645ff17712434189e96dcefb0294c
52.1,18.6,7d4d5dacfe6113d7b214710e1c6bb6abee4614b755e3c2a30f0d7bce4c14974a
52,21.7,7d557fb0dc303b20765be8f5f6401b4dd439e617f895f1277009db211cd7aa46
49.9,19.8,7d8a27dfcfd65ced529ba5a27bc6f0030841dc589a00e37d09de069bfa3f57b0
52,17.3,7dbf1f9d109b8c4b211083d05adc023271a157f6ab1342e58c5ac9835cb84c06
53.4,19.6,7e28613b2925f829d27ac3eb9ce8acbafcfe8d0d1b8773289266e40e6738cbd7
52.6,18.6,7e89f8a4a897a02fc8e21d76309a3a1bc43e488e053f17421376eb8765103579
51.5,21.8,7f52cbc6657a81dd0e04c9b907dcef84a48f54f195b2c9b367e5bcd5e2fc06b9
54.5,18.3,8085fa2b1728040014e39862db4a4653804460b021aa8f3db01cb6abcba3d908
53.1,18.5,80ee5b30b70748dc1f5f04e11bbd78507012ab29acb18384596f6a5f1c0039a2
52.9,19.3,80fcd0b666af54fda2ce5c8b811f92276aad2e749cf27a3453f4a50a0a71d0a4
52.5,16.8,81329600569bf120917a69e054527cc7c73f37ca433ffd39bed6e6b54fbed4c2
52.7,15.3,81a635b7fd0cf0ba59169e6237be4dd28cf778f0710a5e1dba3cbdc051d02687
54.2,15.6,81f94661a92ac53370bce5a144cbc6c46135c14b877f23cb9d9cd0907be1c9ad
52.1,18.4,82155ec5ad0940f39252ebe778ea5d867af2d67e4c6f56404e6ec6ff11e4e4b4
50.1,19.9,82891cccfcd3e537164bdb544456e3f535def6f5c4dd2cb73a58c6c0ef11c406
50.2,18.8,82ef0388ee68b8d4b4f94d722988b171998496146a56f0bcbab0e11a94f7c751
51.8,19.5,830deb718671ae706d4ad5965316b59c9447ab6158a59c0e22b21465c3465169
53.5,21.1,836f073d005018cab5dba8c34b11866446648fc96304bd2c51b3a10daa25c69a
54.7,18.1,84088011a5445196a0d121760f03c4b58b7f357eb2342604f34b471efde637a6
53.1,16.2,8433bdbeb21722fba87b9d2ab2b572c87c5a8c2672243d92cf9ad5db29fb27af
54.4,18.5,8485db42c24af4edc81c722e9f9d22fe8be5cc77da4ec80a1f3260bf87e436c5
53.5,18.5,848d46cbf1fa6046f2be1ef3df5455b4edea2e1aace909f1e9f2013035e06afa
53.4,14.5,851c4764aec28bb45c6926f142f52221643b44c40e40db7369b33e471c1ce911
54.2,19.4,85d1c5bb5d78773fe8cf3dd25df08cfd0dae749349879b570a3ea6fc638dfcd8
51.8,18.1,8610c3c6f79a7ee379a6021d5e1cbd5c8da63dfbbd641ed874bf020ee2bd222a
52.3,15.5,86df9ecd74bcea02a3a00e713e391bd45d11a32281de57652442df2d3052548c
49.6,21.8,87077566d8c7a23eefc015de590d0f4459ed54fede583d0fa4a72fc94ba0610d
54.5,18.5,8721996c036dcca5223d33295e214836d1e575d0ea332abffd811a5a7dcc1a59
53.8,15.8,87d4f48b07ca4cf08972b5568c4455137ff1f367a0b22369540d06f971ec0912
51.6,16.9,87fe31c01844105e2f6b7c62517825ed7f721465b2bfc5c38aec38ef274f1961
54.1,19.1,882f119ffc7fae6dbf06488b196a1b2d438bb0374177536a677fb8e14e2778fb
52.3,20.4,884a4ba105c92c2022cf8e35ce5be843fbed06bbaf12e65e07ccdeeb2841bf64
49.5,20.7,89fa9f3445cbe7e97d5bdfaf70b0b47b15dcd123fbbe4bbf7668755eb124fce7
49.4,20,8a5e4d375f7dc1f526f9ab58d8abbd0c94aa10114cc32052ea100eb2b0b3110f
51.7,22,8a7075007898e838b4d60378b99a0494076e0235eef8d74ffb67ac9eaa37c632
52.3,20.9,8afcdbb643a722b76be0c76297cef9df2642c5d0c6c29513475996f2add953aa
52.1,22.5,8b2de4ed5a0c1a537f2ac9b0f3088ec3a0bef64805f4a6be4f823cc53c3a0750
51.8,19.4,8b940fb8b78eddf960dbd5026201f431b7e6c998444858d42b9d16c118849bcc
52.9,21.2,8bb04c45bab48601fb733cc5e2796657096fc30c9d8d651c59bd7fbf3f6fbf8d
51.2,17.1,8c24ffa8d5f665711287280168acf9e8c2a971d118ca50e3da5b638d33f867dc
53.2,16.8,8c42ab318fdbd97583a88225adea8f69ef9158f054213498924cf7d79b714757
49.9,20,8c872721bc8525814ad8ec0ae7bbcd09be4da55b1c93c33e360eaa4b82ac608f
50.7,16.4,8d0e8fca04595dc54b813d58afe65358b0706f2cf2a4baf52cb9eee8579d5f68
51.3,22.5,8da8db61492f10a095483cb461b60d9a99358045b6a1996230b469015f08c93c
53,18.9,8dbcf79959941f46205681e840149b92d81e0d2772768cef86ec12f81e985dcb
52.4,20.9,8e8927635d8b096b01db328425a04ca07f9a9f82a1226ca581b493ce7ee97b7a
53.3,19,8eb20ad555ad9b4a7b20dfa68a27966efc9aa7a2acdb588c9855a1bb02251428
51.9,19.3,8ec51680758c9b98c7e1d0cfbf59a889ccc92a781c1bbe5ed14d19d01161745e
55.1,14.8,8eec8250480b57138ce52d2502b2e704ab55a67e966ef4d8483490f65ce2e185
50.2,20.9,8f5fc10e102027696d808c845ecfdbd79a5197a6372a5e6ab5a4688a33064001
55.1,15.7,8f7425a2facbce1dd6c1d1d3cbcbf2c7056c12566e0974307ac878536498d196
52.4,15.5,8fa8da384822ef47da21f2ce985c6dd81b4298fa982b4e7bf1873adfde8d554a
50.3,19.2,8fc50b80a0f13aff7fa6bfdfd70155df2c050872fe6f640ba6db379bfec2f67b
53.3,18.5,9020d74cfc53a2caed885b6d6c8f95474aa7a5ad02569e4bfc778ec75e7559c4
54,21.8,90618b8c15ff47d173421da1a64eae95dc1584bb86c7289d4a210b2cb7d7cbbe
52.6,17.2,91271dfcff8505336f8e98b848e6adb02695c88aeeb5ee8a8efe6ed11332cd09
50.8,18.5,91359fa9a66735679d86a3f28ec7a12916988ab4e980c1c64f0cda446065b198
51.3,21.6,914a2c3929dedb0fa04fa84d3eb443540fe3820dcf86cb3ef8bbb47fb0006101
53.6,20.8,915b66859b83ebf269117b1f1164dd621dd97899bdde69dbd90dee3b4958adb4
54,18.8,92edd7dda3afab5147e1e42e46b7f4c3baf3aaef7c92a9085ac6df384bf06d35
52.5,17.1,93994583a213359d175a517cecd0a77ce5d37e9d4d91b5a1965f037bb218cafc
51.7,15.4,93ad1e23564ab23c59364911c75955fcb23050e4a32d99b2062b1bd994354db0
50.5,16.5,9479dd76e74cbfbfad11a3900be9799061405347e158a1d91f9400b0793b3695
53.8,21.4,948af1e02703a676e3cec85891e700667e47ad4eaa716ec02200d78f61f9ae2d
53.1,15.8,94beb94fa6b41b953653c02fa14e63f04ca9ca33fafc3dc33cf6dcb97563c2eb
54.1,19.1,9711fe8bb9113e897738d66c4dfd3c35e36ffe8fbdd76469305503a0980b48b4
53.6,20.8,97502d2649bf0c80a7f2f2f33824491349da81e3bd57d048f32e9b4a8c455a02
53.4,14.7,97caf03b948cfdc0559e4d0698fcca0f5613b4358213d13f7d6a959896ef183d
53.2,18.5,9836b6354391c6892c17b1d7e36230d122fb5f5c5b741044e00bbed4335a1596
55.1,21.7,98805955713adb3f453ca0546fda4c7cb09fc02631cb02ee7985931b9ab239b5
51.1,17.1,98a57b57501e851063684121ee8f1a59eb75739202b75d4fdb94e5f9b2f94142
50.3,19.1,98cca12d1d7fefe024a10b867c0612443fb3e6e8b92c1a2aead45e8e4222c2f1
53,18.9,99227597e9f2a5fb40af23fc56c90593f1f2fe408eb2b6d9922d40be079e8af4
52,20.7,999ce16b08d81fba880b792aa98dd9f086d4d9cf375705dec8c0a6a37caf7aa3
54.3,18.3,9a013014140296eb6520905ce306b97e604c67e54bbad500e7811dd3ecb56a1e
54.2,15.6,9a39cc47e02ee2772a76e56c404337212ff31bcfbc3f612c1dd361ef2417eb53
51.6,19.4,9a6821caed7fda542fdb93818acb59edd88e30cdaf1dc16217ef84ffc9496381
51,16.7,9a766b77fac8848b645484a60f7b0290c7c8d26f946e39f71cf470c705c07d1c
52,21.5,9a9d8b929854a20cc457efd93e900c19a96465ec56ea24a73d0618cb53ed122a
54.2,19.9,9adeeb22f7320abe9d5f6ec40a1bf25a8c86bfc50392ced546f8ac21ba70defa
50.1,18.7,9bc96449d98bff1f0aeb76be90dbb3c7b1b0482c4a1af1db6f9600f2c22cee25
53.7,15.5,9c0f33d6df35167d7237d9a4e6f3a0b1a62b99cf32dbc366653d252371978c93
50.2,18.8,9e34b5ddb5d8e086ab0aa6ed8bc837f24f4c2770cd6b5abd5be49916b79e1aef
51.7,19.5,9f08acd9d1bb66b0264fb426b34be99596958e1aef903117595321ece7fd21f9
54,17.7,9f2d671f91899fa075c3cd2040aa44c030ea57df2737f34bbdaab20272fc6ccf
50.2,18.8,9f4c138a71268068ed9cf9721562173fc68296ce9efe7c164c9a3d772fceda53
53.6,22.5,9f77b260b4457d56ded9d2f88ec35acd38b554e8b6ca619b17afa751c3fca312
52.1,18.4,9ff46a473bd014e712a0a72eaaf94c3058520c3fe82448228258a78380423644
50.1,19.2,a00b23f6f0a68ef1be19ad616ee2e4e9cccb4087bd9235a8fb4eac1cd84f9b08
53.8,15.3,a0bb066db36b3bb377be1823909fd7351a1d5a5b8dcd54ff32eb2399cdb97a05
54.4,17.1,a1a182aafaa302988f9783884b9d998f845e4d2cd85a6c4d60b33443516ed907
50.1,23,a1e748d39eacbd986d1bb521cdeebe465be79332ce21bb0c26cca8f32c52f4ae
52.3,21.4,a20a069ea8f0aa2b0fbd36090a6a813b90b895f3b9c65f7d32f88738d27df51b
50.4,16.4,a399f49014087d241794be9a0778ffa2d3906f67570176aadadb910475472866
52.1,20.8,a45ef1c38356658825cdcf72e0dd11014fc89effbd9f9f1fcdf3141fb3698867
54.1,20.6,a481b282a16774eb1dd66a75ae49921226bd9e9758bb3cb0bc06be3582cc4ab9
52.7,16.4,a4a44e2949a7db0f951ac94a601a1db2f5d993bcebb465efff7b810475161e17
53.1,18.2,a4e950b804c5a47471d822d16912d0a0c1b4c58e0bfab62eee60c4131b1fcf37
54.5,18.5,a4eb8c61c7bf9dbf75351a1de02ab2a318280471ec4b6002a9e7029c8944060b
53.5,20.7,a510e573a95b5a4c5e6c0f9d34320a0354431dbc28fa4bf72ce1c4d32df582b4
52.3,17.2,a589f5aa2e5bc12a9d6bc033396484da47eaad8f5fcea21a08ab0a69391cc61b
54,18,a5ab80309570519e79efbd6608dfce861115a862960fc0c8508142ebb6f771b3
51.4,19.8,a5b6c0b21e6bf9815a1cb88c152ac473bc8f9e9d291a9d0c0beffe49c68c9f5a
53.3,17.5,a757302ce5c2df2d89c2b25398004a14bc8d8d39157cd76399fc488338857cae
53.2,18.1,a768ca572d95180820356d8a509ff055bd1c2544bc0c48d2414eb46a0e4e5e5e
52.2,20.7,a7a4d156fea9611c195a04db854b962172075b2ad54e35b0feb9ea5b7b34a10f
50.9,20.7,a7c6b26faf3eec610f35111b1c22a6244866331977ec341c717e33d178dfd050
53.3,18.5,ac393f6fdda5fd008b3f408680b4893cfdf0c136a5d753035f05715c3d656098
50.2,18.9,ac463a709f16be59f019a1e578ef57e44a4c534991a93437a440f8deb5c80386
52.1,20.5,acc55352fdcc51ad52b3063634197e51bf85aa733d6d386cb11bf130b2288641
53.6,14.8,ace601564dc43918f552a5098354769c900e7d31b25b6558479546211b743a8b
50.2,18.5,ad5ebf9565d51c8c2d5df5dbf381ce63f9602848490390eefb0c74b2f12a94e7
52.9,23.3,ae7d8e8527cacda264b67e364ed9dd081c6631f7466e490394611754e06e5173
50.5,16.9,ae8abfd04d058d484de0f29965b378682071a8d25b931825d07f1b610b80f775
53.9,21.5,af05187341a019eee3445a79f465bc483549ea4d7b02e786e36df134965c4954
52.3,20.6,afb3962e12a1787faa234dce31379934f6ade556b7a55c3708dbf68f2a9d92b4
53,21.5,afbc475c0ad940f37c1c5fcab8c077fd6ad25367060c47817c87b922192d5758
51.8,15.4,afc04210b979867cd9619ebea0ce6b535772b8fdbe60e3a2eab75b67014d87ce
49.7,19.1,affd305d297546533f9dfeb962870466f5c3086a9ae2e548e785f6597aef69cc
50.9,19.3,b097fadf1169c39654071b15699257e9d12ac5d92dd8640e52f71e0cd99f8e1d
52.2,19.3,b0e95b1ca8a226927f56fe217fd04a8695ce3a1cb27b2ee786ee6867a2fb72c2
49.7,18.8,b128e72cfa88a396700dd149910bf0d237d3f5386bfb030fd1e1e3dc5553a449
52.2,20.8,b17da0ecb969ade91c5f3a60130a9d81f1edad9912a922537db0f2c35e4d2200
52,15,b252cc55ff668c6f06a040323f80f7d5b03cd11ec34e7efe84e747283690c903
53.5,21.4,b3b2a99704bd254d7aadf1a5ce10f093e87389ed910ce2b3195f0d39ea324558
53.1,23.2,b3bc9f855285b0a8b07a3fd14ca75c81a31335bf7108969fc7e44532aa24f50f
52,18.5,b3d6c532cf41ea137f82789690a7b75068a4213f32dd32114ba124f70a5a71cc
51.6,15.5,b426bc99abaad863998e8ffa7c12c1297a08087ccb45b45fb2938dc6d1de9c0c
50,18.6,b43329c4bf64454cf35a531ce4f904ca99540eba9f4a3f07b0e95e45c55e863a
54.3,18.1,b497aed52529d4a9e2d85855125e128766cc54e81449b49e7d51b859e68398ba
54.1,18.5,b4cf2f30ddfb74ee95a1c4b65eca3d6cee67b1277940a2161e74e2689aaf0ea2
52.5,16.4,b4e4dd2b048f23482c0c24faab06af90edc68f1815afca69227735da8b822981
52,15.5,b6b5f765ecb2db140065fca2e86999f822b7c7b2cbd4df0e558d2eac3090fb5b
53.4,20.3,b71a1a11d206212b3dd1f9c983938d58f0e5eddf8407a38e7c6893c22bb5dda3
50.7,20.7,b71ce712d9e5a68a24a8babad55855cd6eb5d2ef282ca956532066de744dc216
53.1,20,b87c8e1e69a3dd2d020e5084c1994279f9bd610383cd1405ce8efa4d2635a4ee
54.2,18,b8e7297ac2a0ce4bb520d8cfb64f27da6e1ddc397e6595d6f164da6721d8e7e1
53.5,16.1,b91d4be15138003ce3a6715e046555f6e56bbfc124107f8d83153c29c2b9c6bf
53.7,21.1,b9245f7fd5df062f7851a5457409a16720201f78131a927a99209b84fd2db597
51.3,15.8,b993b5e3b8989d420c645eeea30718c4559898a2d034ee0c678162492c895daa
52.2,17.9,ba30b5fef6b7085e419c416d74e999df3ee83d563501424bdc0b5b1fe79ba11f
49.9,22.4,bd0e442d9f5c7523ef5b5ae9b7468e2b7ecf2837fa0f246eee62eadcb6470319
49.9,19.9,bf1009709bd89aeb038602100bec12302f1794764a5b7a528c319433dd2f8e3a
50.1,18.6,bfbec004c35034c070942c19f59f2b8ddd6a1d33a8e1ebce325801fdb28926bd
54.2,18.7,bfd5346507a6244af0fe6f7f7b7c35f52015ae83207dde158cbbe03ae12784f6
54.2,18.2,c077912f52227e7c99a51b47afeff14e6cefff26dcc1068a98ee9b4fc868f867
51,17.4,c1116094717585e830377908e382139abe75243d01bc15382b8cbe685a1e2dbb
51.3,19.6,c198026d7a1ee9951f995ba0c47d429dba715a74dbdf3d99e3c89e5498406cf8
51.1,17,c1aeb16f56d61beda029610ddca160e7d878d5d4f0f7c8e92aeacfa0abe500b9
50.1,22,c319a8aee14c01c3a152d6d0ee04bbd512417ffc3f35f2154e813aec955ee22d
51,17.3,c33bb14440e5f9604d08955c83c8f9f9831d17f94f6438913f2714729ed671e6
52.1,20.8,c3531c4cd18d5442063a186efeb2402442de9d731f4e98a25b3a10f044b34a4c
54.2,19.4,c38adeb26eb6683864917b7538be5ea7ab7914f162f1f404d164d36e333a598b
52.1,20.9,c400c8685db6e684b92dff5c0aeae1d0162338576947151849112a8a6ed7f4b2
50.9,17.4,c45311bfe9c13e8706a9a099ce81762b69566b6dfda93f6d521105fbed54ee4a
49.4,22.3,c4e15179aca2e2b69a0d152931f47f9a2146da0567142b6168772bbb0ac92249
53.1,16.8,c5761e3bb51a4736bafd9ef9cba827f52b34291ae62760174293078803186264
52.2,15.1,c580467faf49c6d3f7db098bd8da8f58421b3c4cdf32a7f27cae71677a3594b5
50.1,18.6,c5f41d8d5cb0ae4531368b587e5ca8e5d69524db1da24f9f273cd68a32d4f0d6
50.1,18.2,c67b28c6b2df355ede53fb631fcf666ef446860f2be2fab277c6f26dec3f5199
51.3,15.6,c71612d59a2aec77f7c636999f151e9a4869b4f0a9ecd7dd562ad76b39f18e07
53.7,15.9,c71d8c1f69ed01f105998e1330ed2674e71994e3eee6c132932695249ade611c
53.1,19.2,c74e8a4d88ce3e4efe23bef8e0b2d90ddea798741169f6a07c3f29ad2d8154ec
50.4,17.3,c7b346f7fff0cb4ddcf2244db727bf6e46687293204a50c0c0cce750840f1ecf
54.2,16.7,c873be5b837beb036a8f546a9cca83bc4205e0fb678ed6afefa06d2fec722d16
53.9,20.1,c8f29f685d8168838d67e4cdd9bfba22e414593434d5f13c883419e568018714
52.3,17.7,c8fe989de7825846ce61e3f272a3c89884dab798ab48bfed52c0b7c9445ca2b4
54,15.5,c940390d9d628a02f959cbda65b42f71cd10e83454665ada7b3ac7b8fbf9a76c
51.8,15.4,c977a8756553ed7106802ea3cd5b7124922140bc8bd91e698bbe145a53b67e74
50.7,18.8,c97ea589792b651817d528ecec2b5e07fa336a6a72e6959516beb249486331a7
51.1,17.1,c9b377c6bffc53edca8e3628c037b949e9aec7b4576c7de0da99bb8775017a6b
53,19.1,cb69e8c917727998df38cb4bd2984eca00252f5364accc19c02e360384e37232
50.8,17,cb9de0c5541ffcd73a9847755f543960505f3ea68afb009f5c373c77271df7e5
53.1,17.9,ccd2c7d0e78433f9ad562cad91735888bdd6a6aa71683f9a3b21d12b74f1487d
53.3,18.2,ce082bfe21f31a738f307de299fa2559e5166d46e3e2d87e81be02de5a3ed437
52.6,16.7,ce2ae276c1e20eb9b26c54cefba25fabd785dcafbaa1ece3a31567f2a664c38c
53.5,21.1,ce416498c18f0930741983f9f0f0542273db918156e74b215908155cc6ab0957
52.6,15.9,ce5247f5d662ed4f8b3512bae0947770cc4f59ec5414ab51c0caf8ce145cfcdb
53.1,18.7,cf0116021413b609ee663f3d2d27fa05b4e02f99de913f0b284356dab4f362e7
52.3,21,cf052f1c689934287d5a53e5c0ca51619c89cfa97c4e1aa832feda9fba26a8bf
52.2,21.3,cf9b680d533205300963c2abda40219554f3a4b6ec8ec3835b520cf08ff7fe48
52.2,21.3,d0e2a6ab28f544e994e9255a1c8bf3551b3f188417424a7b5bd97175028973f8
50.2,19.2,d123e5672e62a689510b2e0557eaa291d53d42a92de62564be8752a981569996
54,18.6,d1805ac591a5d12b795551ba179e943ed04f1a69a6c1a5535bcbd955449db802
54.1,19.1,d1a816f1be317befb5b1d91b658abe83e2c740dcad41d4db00be4589ad1119e9
53,17,d1b5aff5b13c1ced12b049b8771f378838c9085395bedc1629c558ed104924ed
51.3,22.7,d1d2f9414bb8f6580ac6fb962c487c50c81533441363a914623834bd7a03ddd2
51.9,14.8,d1f26cd6c191c09d8513279b6869e83111722f741a59f2c069deb46c89b85a6d
54,19.3,d218ab185a3bb1aa697dfd670cb0218f7f944e35a162bb3d188ed64792be83a6
50.7,17.2,d2d04cc7758224311fda82943245daafb43f11000dfca228e5fa83eaaa94cb0c
49.6,19.1,d2f48ed028606407a55754c6b0e7a7a5407e8134ea82f908516180fd669bb93b
50.9,18.7,d3288df081a58981101a8c062ba42c9b2bd0b981c04f68634716fffb00a78a10
55.1,22,d34987728389993b11dcf109da7b76196860877d6c362816805b517342259e4c
52.2,20.8,d3b2c314fb99dea50f2097328448a379fe84011e73b574c647c18b9f92692493
53.2,18.5,d3c5218356041476932f6aaf3981c11ef7e52c0deca9b67cd00d1e3d652419c4
50.7,18.8,d3cf6613f44fc448205923f517c9247dc6cedfab0b6f2c169cbde33bb79e862a
50.1,20.2,d3e47bad6b0a55070ad9ef260031086498bdf593426023277378b74e00e6c75f
53.8,19.2,d3f7b37d249f9f8badd0dbe523103ee252c410de214d3aae287a5ab1bc1680b6
55.1,15.1,d4390444ab3cddba55c0641a7769aff5d9b8dfb0fe5902b4853ffc85c7f16d2a
53.9,17.8,d52e4f00f9857aab994eed9d9a7a32891a4bb1477e4e8898df78f0f983da1928
50.5,19.6,d6e3c3d5e9d19d7cedfdd7e976554174327048371e7ac1d177505bd69496a071
49.7,22,d6f75f9b6f70333f19a7f40630261af3e35b0405ff2d660c7bd1651171577f0e
51.8,15.7,d6febc6ef1c6c39ee13099398a2f44f52e2bc756593df88fd36d2c4e4f7c5c91
52.3,20.4,d70a6168499f0ecec49bb714b51e6a7df9e7e53d400f106fa9a47e93e9abc23b
50.4,19,d724f92ef100886405215ff121432d15457bd40e0f51765882486e307a0ee3cf
50.2,18.6,d762023a4cb6a430e357f68eaba8cc394948bd028911e463c3584286d2addcca
53.9,21,d7d81af73de4eec768a34104a81b6c6218b9d6e7ee88639839bb1bb52e0da241
52.6,21.1,d8a47d0eec5e005c2048ab7861bc0347c93feccfd9cbafbe6ce826777dc6e2ba
50.2,18.7,d8a7cab220b0e8cc0c345b0e5b8b58910b3adf63d81982c28ae5bfe047d6e443
50.9,18.7,d924d2981c3dcb2b0f5ea3fed278fcacee25e9b13c49c19d301db2ca9423720d
50.2,18.7,db2eb9b8fa619543ab6a1bd28aa37806f81fddb02dde88d9fd803db75e84b211
54.2,19.9,db82816104068c379078b75b27d962cfb04a8a496b5e40b41e8fe49a01dab694
52.3,16.9,db8af9f2d22db36aa255d7d48d8bfb89d3c763b4fe76c9824ddbe2bc502338bc
52,23.1,dba1677fddc05c4a9f8608485bda835b0c1f5d257bea750403cb425c207373ac
50.6,22.3,dbca0e4d602ae5bc72d0e754f00db9cb65586891cccb1e2e3434a9e87d2fec59
50.1,21,dbd8594674342417912fdbc93e8a57a1cd479cb011aae26e74515cccb42f313f
51.8,19.6,dc9a56ba28581b1f90dc445eaa8307bdc7dd889db6d5032dbe4102b216207845
50.2,16.7,dd9925b02e28cf9fe5d363a35eca7dbca4515111b96579844b5d2204e830ed24
54.5,18.3,ddf9abe7997e0972314afbcaa3f8673b1e0c4c5b1d278548ad3e14f3e308493c
50,20,de6b9e6e658bd793b9f0b6c9fd74d245c2d1dd6b80d016c9faee1749d1b48e58
53,15,de93102deb0293a3a8f8b0d0d2aabd781dd5aa299ed9cca04f633ab3ec474d13
51.4,18.1,dea81be4286e401c3b02527aa17c9e21c4ce7053359a55abed11ec15cf2948cb
53.2,16.2,dfa0cb88e5448a4cc181066c719d5b5b012487fe0f314d1a087fdfe37c6e4a41
50.1,18.7,e01244c4e5f6b17cc6d9cf215ad1af0702a9e573ff503cada3f303f93f2ca3e5
52.6,16,e0cfa686db481ed6f3608891c355c08e9eb6dbca32dd06929c978e70dd896af8
50.6,16.6,e0e630edcec4e2ddb67d0c162b79b303c1e45cdf03e48ff38d86a00e1c4f5e29
50.3,19.6,e155cb7467976976f41293ee12cae7be83e8d2c6094dbef7e38ea3ef8248a7a4
53.2,16.6,e256b0b5fbefe3e3120fbe8a7355aa7756fb759a48a370345acf720b9b1f4a44
51.8,19.4,e2f0be6ef4e3fbc1607c9836f74f0a77f8243ddb8813a8106b7afaa70dae579b
52.7,21.6,e2f675398c08b517a040148699911691f69e93cd2040a41e4cdb53b86f09f43b
52.7,19.7,e2f98e12f734ab5b8b4e79a16685517d9db8843feb84f5d729f872cd6074b8d1
52.5,19,e34670113bc0594b960557f79bf9dee8805f3657589dfe3a1b07e08dc3d833de
53.3,17.9,e3c5a6f4ef2d3135804a1f1a3b5987e8a124c30406500dc98417bdc96c7ad6eb
50.1,19.9,e4780418013275cfefde2bc6ed748b420d1ba051badb966a32ee6eb0ca2cb940
51.6,19.4,e4c14966610d1d5b79beb56e6900fd8e3b4149a182f77ed6550eae15afa1e657
50.4,16.6,e4ec784c17356dca37cd5b61642cc4c25cdacf174ec67fde738a9ef6d394210b
52,15.8,e5942fdc8cf73bf1c19c718f88b774aa87c1712215f19ff837d7f505aa27183d
50.7,18,e5d0949a59a0e5a2f854d1da2e668bd9926cb00e55c9abf8660bdcf75bec29d5
50,18.9,e6316ce766014f9e2b591dbc85ecd0b4299a46c8906ccefd355bb57a2cfe52cb
55.1,14.8,e720c74dd56160f5abe50fd29241ea453db4dc43eb200458700571e4fb2472db
54,19.7,e76ca8d3b97e5e69364c51fb5d1176d3f78696b2809b37283e7b65434cf95209
51,17.4,e7d3ac8a608540cb79f4827a0be6d1fb512f8d81c8d14aacdc761fccedbeafca
53.3,17.5,e8154be96ce4dfa7305e4d5eeba29bab1f4b51a13969ac76add95f504a7623b2
50.5,18.9,e8924d772cfb5f7b55d54546a54ac4a68bdb0543a72a4fb8f81a72618b9d8f87
51.5,19.7,e8a6cf30b0d02503cfcb570680aa86ecb26f617511712a6dd5ce46367063f140
54.1,18.1,e8bf549f3deff2660c44940e6ca53bfa2a4d03a8556097e577963800e1a7d73f
53.2,20.2,e90de723ca4f08742a675e2347ea9d3dc6bc2355234cf8ee786151ea54c1de4a
51.8,15.7,e93f6a2d534faba4b2dbfedb9da5988707a84b939774a795532345695544215f
51.1,17,e9af15eeb7da0051bcbdc938933d3c58a9a357d82b45942ce9ce325956ac91d2
50.1,22.3,e9b45cfd9ed5c86f70d27ceb9f9af779e805c3331f91175a48f5884614126e67
50.2,18.8,ea09f618445bf6751842cb8c36891c72a9f4ee2fd663e742175e9ddcffcc3857
52,21.2,ea5e42098f8e5ec1e5d57cc8bb08c3af05d0d6e562eb3a59618306849987bd3f
50.1,18.6,ea76b8fd42acdb0f3dc8109478034b9ff4fc734503aaecdfefac28389c23a91a
50,18.4,eabf1e41cc755185465074c53de88b22a8d1534c674d3d6a0b60938b363c0574
50,18.9,eac48f67ad81b96ac182fbe0a2e130b96c3fc3515f45a772179754a1b1f2709a
53.6,19.7,eb1e3003aa02a1e14fcb8615970e05c0e8a3f7bd502e936b27d6afaaa7ac75f4
50,18.5,eb8ce3d46c5b4dfe341fa976c778f7ef497a8993d9b28a1f1c9fc959f8c06100
53.5,18.5,ec7026b778531a3a135ceb191f395ed1704811a287b4cddae125ab13c2d5f1eb
51.3,17.1,ed1e641ad2db3df782aa2fe9da7017d3636a9d69d691d9a768dd8bdba0e60f6e
54.5,18.1,ed262db88dc7bcb276bf4f16b9465dcc9e2f035419e706f1caf4b301990345b6
51.5,23.2,ed3356c0d7df2f83f08e4aac10108e52892eda64484c26bc7fa01f01a17797ad
50.6,16.4,ed4624ec23b0e859369e29136fdf6bc599678036404a8be10a7c8afe457e8d83
53.4,18.7,ed8bf94d964eedade9408e666c659690a016b4a0c22032ee202f3773cf8ce4da
51.2,21.3,eda34df72c4c9069bc49bbaeaf18c9bbf1b3fd8b1267e9d65fe11731add05cd5
53.7,18.1,ee8253627511136e790034b2a853aa6d3b0d62eda41abf1bdd5fbd162a00a309
53.9,14.6,eead1e44092013764cd087dba330ef6110f2f552e4f18c0e6ecdc012ee5e4f2d
51.3,16.5,ef28dea33ab170c611b031b44a05112e8f47f0f6101705840cd5914ce09c39a4
52.3,21.1,ef3f42d3223ee78a2ec46b68589a324cad9eee3af88fe655424eafb0f41bcc13
50.9,22.3,ef4cf50cab12cef49e71eccdc877c7dc832464d85edaa11c6e9e7bc0e46e5402
52.7,16.4,f0602f126a12e57a6c8dfa27258aa94ca3a0df2b53014722ef21c3190cc951ca
53.6,18.7,f07f0649d25c1f4f7ec5d313265122b7cb570822d2688ddd6773f9eff05a81bd
51.4,17.7,f0a6ff254c7c41448443ec4a67a9f5557ad30ff34f07a1ca62020a2a5a94545e
53.3,18.2,f11d8cfedee8c5925ef4a1d47a972d2df2f8d7d56a6633a86accd9444d3a0546
53.9,19.7,f13b3500f3c7be94a6347ee826ad91f49edd161b146d076d2c49a57c6b16384a
52.4,16.5,f23cba44e3343d25a040bc9e063dbc67fc5045961411b0713829887987d426df
51.4,22.5,f2518e0507bbbde6389b855b1fdfb9cf77ca6417e650340dd400f9c79748539b
50.3,19.3,f2a26575b704c72019f4145839f1ce39b9529b2ff5491ff2afee360a08ee815c
53,19.8,f2fc3d92b4b032eb63ad18effa30f583ae6ba47e5c661ed96dd30c680a83bb93
54.4,18.1,f33069d307c37f4ca46ce1be23d86bbe444b3b05ace0484eb7ab7b86684f188e
52.2,20.5,f3968cb4a6817b89379517944e4947b9bc7f19410a019cd4f0eb12236c2de72c
51.8,18,f39df7ac9df378fff78b705b4f4055b34a1035726ce22ceb6ee3c85a98bd7d06
50.9,20.5,f56d840a338b79cf5a16081fc0195ba77bf126f1871db4143033d7e8e6206c12
52.6,15.9,f5cf627b3797690f652485fea5f176b71aeced0fd8b84da650e97f2ca6426a5c
52.8,19.1,f604f6b00075b792e7f4772bb87d4bc45427bee86fb807328818f847b10def0d
52.5,20.9,f68067f98ab55685043aa57a4f7de9efceebcfc6d1121d99820678b0763339c5
51.5,21.5,f6a726a12662b848041c5209b34ee14f4cafd2dd14d77c976a3cc32bd2d6d983
53.5,14.5,f789a51cf28de82e2128d5bd935ccf22a04ae0316a1ca7492cbdd81907c70c1c
50.8,18,f80941732300ef76d680f7d02a47966a8e3ece5bb3c837609944cc240547ed05
51.6,15.8,f8192b32a44d79619ba586e2a4e988563e2bef2d550ca9d7ba008eecf62e57c8
51.4,17.3,f8688ec2e8d888995c84a89a081c8942e741e0348d5ea2d7bbb9c0aee3fb715f
51.9,17.5,f950b5836c59dbf42931280439ff42893a3e187a12e7d49ffd37292c9bb7d496
52.5,15.2,f97d1618b1b36051a92bffc425589855af0463af61bc5f7168b8a147f18c4dca
51.1,17.2,f99b61a31667174a9d7b6dbc01be6929d27a659c277c1ab22fe8b30606bb5a8d
52.9,18.8,fb584dd7c99400152dfebd6c60fa883f2de3451168cd19b9d2d3a7f992a066bf
53.1,17.4,fba0f7b57aefffb146b7f66a98e39dcd76204553382d8a204e8ab418e357a484
52.4,14.6,fbdf266dd372334fcd865972f980574608f7fc122ecf6ceda8331dbec250c537
54.6,18.1,fc376d9b600a622120a38da673f71d121b850055851e26eb2b460450ed483720
51.9,19.6,fd2d77f969dd205ffe471e2349d3d2f54dc6e30a7d2ccd74a049a43ad656204c
51.5,21.5,fdd1157e24eae9617881107d653c75ee16234d3bb7d84f163b6da5338a8bd2c6
52.5,15.3,ffd5e815486d2b094a0ff197111e96c998e11fda1626f71f176af4b1c3296d4e
